place id,longitude,latitude,status
1,21.2376284,81.5962147,1
2,21.1948,81.6497,1
3,21.1583,81.6416,1
4,21.1583,81.6616,1
5,21.116,81.6672,1
6,21.1581,81.6635,1
7,21.1159,81.6668,1
8,21.164993,81.775307,1
9,21.158,81.6647,1
10,21.27813,81.6142,1
11,21.1581,81.6635,1
12,21.1599,81.643,0
13,21.1259,81.6668,0
14,21.2596,81.5705,1
15,21.216,81.6872,0
16,21.111,81.2478,1
17,21.16783,81.7895,1
18,21.2333298,81.6333313,1
19,21.295132,81.828232,1
20,21.2127,81.6215,1
21,21.3127,81.6715,1
22,21.4127,81.3715,1
23,21.2525,81.5715,1
24,21.4827,81.3415,1
25,21.8127,81.7715,1
26,21.5727,81.8715,1
27,21.1581,81.6635,1
28,21.1159,81.6668,1
29,21.164993,81.775307,1
30,21.158,81.6647,1
31,21.1259,81.6668,1
32,21.2596,81.5705,1
33,21.295132,81.828232,1
34,21.2127,81.6215,1
35,21.3127,81.6715,1
36,21.164993,81.775307,1
37,21.158,81.6647,1
38,21.27813,81.6142,0
39,21.1581,81.6635,1
40,21.1599,81.643,1
41,21.164993,81.775307,1
42,21.158,81.6647,1
43,21.27813,81.6142,1
44,21.1581,81.6635,0
45,21.1599,81.643,1
46,21.164993,81.775307,1
47,21.158,81.6647,1
48,21.2333298,81.6333313,1
49,21.295132,81.828232,0
50,21.2127,81.6215,1
51,21.3127,81.6715,1
52,21.358,81.6151,1
53,21.3641,81.5899,1
54,21.3483,81.567,1
55,21.3517,81.6631,1
56,21.3501,81.6321,1
57,21.3357,81.6712,1
58,21.3411,81.6307,1
59,21.3711,81.6646,1
60,21.3238,81.6148,1
61,21.3173,81.6286,1
62,21.3293,81.642,1
63,21.3231,81.6137,0
64,21.3136,81.6476,1
65,21.3267,81.6716,1
66,21.3178,81.6492,1
67,21.3393,81.6001,1
68,21.3547,81.6218,1
69,21.3688,81.6269,1
70,21.3299,81.6523,1
71,21.318,81.6647,1
72,21.3717,81.6045,1
73,21.3468,81.5923,1
74,21.3578,81.5737,1
75,21.3598,81.6262,1
76,21.3704,81.6099,1
77,21.3276,81.5896,1
78,21.3553,81.6457,1
79,21.3543,81.6653,1
80,21.3504,81.5692,1
81,21.3479,81.6177,1
82,21.3406,81.5659,0
83,21.3374,81.5941,1
84,21.3319,81.6527,1
85,21.3139,81.6511,1
86,21.3255,81.5779,1
87,21.3673,81.6508,1
88,21.3292,81.6107,1
89,21.3702,81.6045,1
90,21.3281,81.5859,1
91,21.3358,81.6624,1
92,21.3342,81.59,1
93,21.3165,81.5976,1
94,21.3579,81.583,1
95,21.3176,81.5993,1
96,21.318,81.6674,1
97,21.3583,81.663,1
98,21.3424,81.5681,1
99,21.3643,81.6495,1
100,21.3687,81.6504,1
101,21.3472,81.6191,1
102,21.3263,81.5873,1
103,21.3577,81.6083,0
104,21.3208,81.6246,1
105,21.3509,81.6267,1
106,21.3608,81.6503,1
107,21.3161,81.5764,1
108,21.3693,81.5816,1
109,21.3307,81.6595,1
110,21.3596,81.604,1
111,21.3245,81.6494,1
112,21.3601,81.5854,1
113,21.3183,81.5737,1
114,21.3406,81.6242,1
115,21.3468,81.6449,1
116,21.3348,81.6058,1
117,21.3221,81.573,0
118,21.3649,81.5897,1
119,21.3685,81.639,1
120,21.3196,81.578,1
121,21.3439,81.5794,1
122,21.3442,81.6435,1
123,21.3382,81.6115,1
124,21.3338,81.6384,1
125,21.3473,81.63,1
126,21.3546,81.5634,1
127,21.3551,81.5728,1
128,21.337,81.6716,1
129,21.3181,81.577,1
130,21.3657,81.595,1
131,21.3323,81.6232,1
132,21.3245,81.5725,0
133,21.3217,81.5718,1
134,21.359,81.6457,1
135,21.352,81.6529,1
136,21.3287,81.5976,1
137,21.3689,81.6656,1
138,21.3693,81.5899,0
139,21.3584,81.6445,1
140,21.3222,81.6463,0
141,21.3162,81.6314,0
142,21.3618,81.5947,0
143,21.3228,81.5949,1
144,21.3169,81.6279,1
145,21.3342,81.6264,1
146,21.3369,81.6668,1
147,21.3381,81.5883,1
148,21.3345,81.6287,1
149,21.3685,81.6332,1
150,21.3717,81.6712,1
151,21.3185,81.5695,1
152,21.3687,81.6169,1
153,21.3664,81.6257,1
154,21.3428,81.6087,1
155,21.354,81.5666,1
156,21.3205,81.6686,1
157,21.3303,81.5924,1
158,21.3531,81.6012,1
159,21.3129,81.5973,1
160,21.37,81.601,1
161,21.369,81.601,1
162,21.316,81.6199,1
163,21.3344,81.5938,1
164,21.3489,81.6119,1
165,21.3657,81.6597,1
166,21.3613,81.6686,1
167,21.3306,81.6666,1
168,21.3518,81.649,1
169,21.348,81.6363,1
170,21.3477,81.6411,1
171,21.3593,81.5932,1
172,21.3553,81.6108,1
173,21.3736,81.643,1
174,21.3606,81.5941,1
175,21.371,81.6407,1
176,21.3365,81.5704,1
177,21.3578,81.5929,1
178,21.3381,81.6644,1
179,21.3464,81.5908,1
180,21.3217,81.6631,1
181,21.3162,81.6623,1
182,21.3493,81.6513,1
183,21.3253,81.6018,1
184,21.3717,81.6409,1
185,21.3249,81.5871,1
186,21.3468,81.6059,1
187,21.3672,81.5965,1
188,21.344,81.6318,1
189,21.366,81.5908,1
190,21.3294,81.6656,1
191,21.3244,81.5807,1
192,21.3677,81.6042,1
193,21.3665,81.6267,1
194,21.3499,81.6184,1
195,21.3499,81.6312,1
196,21.3304,81.6142,1
197,21.3728,81.5988,1
198,21.3706,81.5655,1
199,21.3672,81.5995,1
200,21.366,81.6274,1
201,21.3565,81.6236,1
202,21.3684,81.5937,0
203,21.3243,81.6624,1
204,21.3456,81.6084,1
205,21.3138,81.6155,1
206,21.3204,81.6309,1
207,21.316,81.6468,1
208,21.3647,81.5912,1
209,21.3306,81.5919,1
210,21.3382,81.6144,1
211,21.3616,81.6382,1
212,21.3601,81.5681,1
213,21.3656,81.6328,1
214,21.3156,81.5834,1
215,21.3386,81.608,1
216,21.3168,81.6717,1
217,21.3344,81.5841,1
218,21.3215,81.6148,1
219,21.3526,81.5857,1
220,21.3238,81.6124,1
221,21.322,81.5958,1
222,21.3423,81.6127,1
223,21.349,81.5778,1
224,21.316,81.5702,1
225,21.3267,81.6053,1
226,21.3204,81.6331,1
227,21.3482,81.5871,1
228,21.3215,81.6071,1
229,21.338,81.6146,1
230,21.3312,81.6116,1
231,21.3471,81.6492,1
232,21.3554,81.6649,1
233,21.3532,81.6122,1
234,21.3145,81.5993,1
235,21.3324,81.5877,1
236,21.3434,81.6207,1
237,21.3184,81.6694,1
238,21.3505,81.6241,1
239,21.3423,81.6446,1
240,21.3512,81.6511,1
241,21.3602,81.6047,1
242,21.3186,81.6301,1
243,21.3697,81.6132,1
244,21.3327,81.608,1
245,21.3304,81.6361,1
246,21.33,81.6016,0
247,21.368,81.6454,1
248,21.3133,81.6019,1
249,21.3583,81.6203,1
250,21.328,81.6012,1
251,21.3633,81.6424,1
252,21.3169,81.6447,1
253,21.3373,81.6632,1
254,21.3384,81.6206,1
255,21.3474,81.6567,1
256,21.3567,81.5974,1
257,21.343,81.6484,1
258,21.3637,81.6501,1
259,21.3462,81.6693,1
260,21.3687,81.6117,1
261,21.3324,81.5972,1
262,21.3542,81.5984,1
263,21.3703,81.6598,1
264,21.3507,81.5656,1
265,21.3578,81.6152,1
266,21.3201,81.6276,1
267,21.327,81.6314,1
268,21.3658,81.5708,1
269,21.33,81.6502,1
270,21.3365,81.5982,1
271,21.3576,81.6165,1
272,21.336,81.5781,1
273,21.3147,81.5714,1
274,21.3359,81.5973,0
275,21.34,81.5679,1
276,21.3308,81.581,1
277,21.3403,81.6181,1
278,21.3221,81.6091,1
279,21.3373,81.6405,1
280,21.3291,81.5718,1
281,21.3652,81.5803,1
282,21.318,81.5711,1
283,21.3615,81.6295,1
284,21.3549,81.6389,1
285,21.3382,81.6426,1
286,21.3707,81.6072,1
287,21.3638,81.6312,1
288,21.3529,81.5782,1
289,21.3557,81.5671,1
290,21.355,81.6235,1
291,21.3315,81.6337,1
292,21.3141,81.626,1
293,21.3406,81.5655,1
294,21.3698,81.5804,1
295,21.3373,81.6667,1
296,21.3211,81.5738,1
297,21.3291,81.6444,1
298,21.3294,81.5836,1
299,21.3604,81.5991,1
300,21.3355,81.65,1
301,21.3351,81.5668,1
302,21.338,81.625,1
303,21.3704,81.6125,1
304,21.3536,81.6685,1
305,21.3272,81.5755,1
306,21.3395,81.5718,0
307,21.3276,81.5731,1
308,21.3524,81.6541,1
309,21.3304,81.6622,1
310,21.3599,81.6101,1
311,21.3524,81.5662,1
312,21.3705,81.6318,1
313,21.344,81.5995,1
314,21.3616,81.5907,1
315,21.3722,81.6628,1
316,21.3249,81.6347,1
317,21.3159,81.6015,1
318,21.3572,81.6159,1
319,21.3618,81.6191,1
320,21.3234,81.585,1
321,21.3697,81.6356,1
322,21.3581,81.6248,1
323,21.3189,81.5854,1
324,21.3391,81.6711,1
325,21.3558,81.6553,1
326,21.3394,81.668,1
327,21.3222,81.6021,1
328,21.3595,81.5717,1
329,21.322,81.6419,1
330,21.3346,81.6298,1
331,21.364,81.6292,1
332,21.3614,81.6021,1
333,21.3215,81.6712,1
334,21.364,81.6485,1
335,21.3258,81.634,1
336,21.3639,81.61,1
337,21.3473,81.6313,1
338,21.3301,81.5665,1
339,21.3222,81.638,1
340,21.341,81.6208,1
341,21.3219,81.5663,1
342,21.3437,81.6286,1
343,21.3359,81.5639,1
344,21.337,81.5719,0
345,21.3382,81.5888,1
346,21.3601,81.6015,1
347,21.3674,81.6206,1
348,21.3668,81.6679,1
349,21.3594,81.6359,1
350,21.3181,81.6346,1
351,21.348,81.66,1
352,21.3623,81.6067,1
353,21.3621,81.5722,1
354,21.3313,81.5821,1
355,21.319,81.65,1
356,21.3625,81.6212,1
357,21.3184,81.6579,1
358,21.3155,81.6236,1
359,21.3556,81.6059,1
360,21.3473,81.6525,1
361,21.3238,81.5838,1
362,21.3278,81.6443,1
363,21.3509,81.5826,1
364,21.3679,81.6588,1
365,21.3154,81.598,1
366,21.353,81.5967,1
367,21.3336,81.5897,1
368,21.3495,81.6377,1
369,21.3438,81.5862,1
370,21.3544,81.6491,1
371,21.3278,81.5763,1
372,21.3238,81.6378,1
373,21.3698,81.5635,1
374,21.3589,81.5787,1
375,21.3477,81.5811,1
376,21.339,81.6156,1
377,21.339,81.6455,1
378,21.3183,81.6473,1
379,21.3222,81.6217,1
380,21.3462,81.5666,1
381,21.3489,81.5769,1
382,21.348,81.5854,1
383,21.3698,81.5836,1
384,21.3645,81.6031,1
385,21.3672,81.6394,1
386,21.3671,81.6078,1
387,21.3427,81.5716,1
388,21.3248,81.6658,1
389,21.3241,81.6711,1
390,21.3665,81.672,1
391,21.3577,81.5714,1
392,21.3721,81.6489,1
393,21.3495,81.6498,1
394,21.3359,81.5988,1
395,21.3623,81.5838,1
396,21.3383,81.6613,1
397,21.3684,81.6245,1
398,21.3453,81.6036,1
399,21.3353,81.6147,1
400,21.3129,81.5629,1
401,21.3724,81.5654,1
402,21.3579,81.6387,1
403,21.3422,81.5784,1
404,21.3741,81.6702,1
405,21.3147,81.6586,1
406,21.3139,81.6056,1
407,21.3624,81.6484,1
408,21.3478,81.6394,1
409,21.3227,81.6122,1
410,21.3413,81.569,1
411,21.3611,81.653,1
412,21.3351,81.5985,1
413,21.3444,81.652,1
414,21.3149,81.6615,1
415,21.3316,81.629,1
416,21.3677,81.6572,1
417,21.3423,81.6635,1
418,21.3148,81.5931,1
419,21.3593,81.6347,1
420,21.3332,81.5875,1
421,21.3526,81.6717,1
422,21.3186,81.5839,1
423,21.3599,81.6207,1
424,21.342,81.5743,1
425,21.3591,81.6147,1
426,21.3337,81.651,1
427,21.3181,81.6713,1
428,21.3205,81.6689,1
429,21.3443,81.6365,1
430,21.3188,81.6464,1
431,21.3177,81.5929,1
432,21.3574,81.6039,1
433,21.3652,81.6048,1
434,21.3608,81.5825,1
435,21.3446,81.6655,1
436,21.3168,81.5776,1
437,21.3721,81.671,1
438,21.3452,81.6582,1
439,21.3734,81.5859,1
440,21.3473,81.6035,1
441,21.3705,81.632,1
442,21.3173,81.5658,1
443,21.3702,81.6132,1
444,21.3631,81.6461,1
445,21.3215,81.5755,1
446,21.3405,81.6527,1
447,21.3493,81.61,1
448,21.3272,81.6437,1
449,21.3349,81.6462,1
450,21.3222,81.6147,1
451,21.3588,81.6401,1
452,21.3211,81.6617,1
453,21.3127,81.6181,1
454,21.3509,81.6472,1
455,21.3131,81.602,1
456,21.3437,81.5663,1
457,21.3689,81.6623,1
458,21.3186,81.5897,1
459,21.3426,81.592,1
460,21.3466,81.6022,1
461,21.3308,81.6107,1
462,21.3415,81.5644,1
463,21.3388,81.6158,1
464,21.3601,81.6271,1
465,21.3692,81.6104,1
466,21.3296,81.6465,1
467,21.3363,81.6566,1
468,21.3182,81.5757,1
469,21.3682,81.5673,1
470,21.3172,81.6404,1
471,21.3737,81.6036,1
472,21.3699,81.5636,1
473,21.3392,81.5764,1
474,21.3516,81.5742,1
475,21.3703,81.5818,1
476,21.3712,81.5778,1
477,21.3368,81.6072,1
478,21.3388,81.5925,1
479,21.3742,81.6122,1
480,21.3556,81.583,1
481,21.3416,81.5702,1
482,21.3422,81.5673,1
483,21.3303,81.6594,1
484,21.3729,81.6551,1
485,21.3706,81.6301,1
486,21.3735,81.6634,1
487,21.3547,81.6323,1
488,21.368,81.5946,1
489,21.3687,81.578,1
490,21.3475,81.6465,1
491,21.3606,81.6243,1
492,21.3682,81.626,1
493,21.3352,81.5953,1
494,21.3724,81.5759,1
495,21.3682,81.6101,1
496,21.3609,81.6414,1
497,21.332,81.5919,1
498,21.3436,81.5865,1
499,21.3462,81.5987,1
500,21.3389,81.5973,1
501,21.3655,81.6713,1
502,21.3654,81.6509,1
503,21.3211,81.6148,1
504,21.3127,81.6007,1
505,21.352,81.6282,1
506,21.3528,81.6001,1
507,21.3174,81.5662,1
508,21.3679,81.5795,1
509,21.3546,81.6213,1
510,21.3318,81.6138,1
511,21.3564,81.6533,1
512,21.3719,81.6476,1
513,21.3146,81.5728,1
514,21.3352,81.6365,1
515,21.3139,81.5824,1
516,21.3358,81.6221,1
517,21.3441,81.6147,1
518,21.343,81.6197,1
519,21.3594,81.642,1
520,21.3237,81.6117,1
521,21.3256,81.6473,1
522,21.3304,81.6491,1
523,21.3539,81.5744,1
524,21.3379,81.6137,1
525,21.3629,81.6164,1
526,21.3406,81.5993,1
527,21.3329,81.6723,1
528,21.3346,81.6422,1
529,21.3301,81.6301,1
530,21.3161,81.636,1
531,21.3381,81.6706,1
532,21.3308,81.6586,1
533,21.3727,81.578,1
534,21.3547,81.6005,1
535,21.3637,81.6038,1
536,21.368,81.6447,1
537,21.3256,81.5758,1
538,21.3195,81.6534,1
539,21.3256,81.5751,1
540,21.3541,81.598,1
541,21.3513,81.6429,1
542,21.3231,81.5705,1
543,21.3269,81.5671,1
544,21.3175,81.5889,1
545,21.3294,81.6725,1
546,21.3479,81.6151,1
547,21.3397,81.6203,1
548,21.3583,81.6091,1
549,21.3347,81.6159,1
550,21.3738,81.61,1
551,21.3191,81.6328,1
552,21.3442,81.6701,1
553,21.3334,81.642,1
554,21.3268,81.6377,1
555,21.3411,81.663,1
556,21.3617,81.6516,1
557,21.3303,81.6072,1
558,21.3469,81.6343,1
559,21.343,81.5974,1
560,21.3461,81.662,1
561,21.3153,81.6356,1
562,21.3155,81.6562,1
563,21.3161,81.6298,1
564,21.3572,81.6209,1
565,21.3498,81.646,1
566,21.3196,81.6533,1
567,21.3245,81.6071,1
568,21.3357,81.5625,1
569,21.3656,81.5884,1
570,21.361,81.6593,1
571,21.3424,81.6064,1
572,21.3504,81.6488,1
573,21.3353,81.5853,1
574,21.3524,81.6225,1
575,21.3643,81.6286,1
576,21.3408,81.6467,1
577,21.3691,81.6403,1
578,21.3675,81.6548,1
579,21.3502,81.5749,1
580,21.3725,81.5952,1
581,21.3149,81.5883,1
582,21.3284,81.6488,1
583,21.3657,81.6055,1
584,21.3387,81.6214,1
585,21.369,81.5973,1
586,21.3728,81.6633,1
587,21.3424,81.6707,1
588,21.3204,81.6701,1
589,21.3342,81.6364,1
590,21.3471,81.6122,1
591,21.3671,81.6673,1
592,21.3238,81.6709,1
593,21.3598,81.6432,1
594,21.3444,81.643,1
595,21.3482,81.6563,1
596,21.3209,81.6616,1
597,21.3479,81.6242,1
598,21.3646,81.6633,1
599,21.358,81.6401,1
600,21.325,81.6059,1
601,21.3476,81.6306,1
602,21.3519,81.6527,1
603,21.3213,81.6588,1
604,21.3542,81.5895,1
605,21.3224,81.5881,1
606,21.3645,81.6264,1
607,21.3254,81.5825,1
608,21.3691,81.6501,1
609,21.3372,81.6429,1
610,21.3276,81.5752,1
611,21.3579,81.6669,1
612,21.3172,81.6694,1
613,21.3418,81.6019,1
614,21.3741,81.6074,1
615,21.3372,81.6051,1
616,21.3731,81.6217,1
617,21.3461,81.5721,1
618,21.3393,81.5718,1
619,21.338,81.5934,1
620,21.3662,81.6587,1
621,21.3416,81.5844,1
622,21.317,81.6293,1
623,21.3143,81.564,1
624,21.3501,81.6277,1
625,21.3633,81.6267,1
626,21.3629,81.6655,1
627,21.3564,81.5714,1
628,21.3153,81.5646,1
629,21.3693,81.6661,1
630,21.3203,81.6655,1
631,21.3363,81.587,1
632,21.3197,81.6162,1
633,21.35,81.6152,1
634,21.3312,81.5752,1
635,21.3302,81.5814,1
636,21.3582,81.5974,1
637,21.327,81.5782,1
638,21.3497,81.5954,1
639,21.3419,81.5907,1
640,21.3495,81.5689,1
641,21.3201,81.5875,1
642,21.3232,81.6016,1
643,21.3691,81.6353,1
644,21.3396,81.6142,1
645,21.3451,81.6475,1
646,21.3708,81.5804,1
647,21.3389,81.6474,1
648,21.3306,81.6456,1
649,21.3537,81.6455,1
650,21.3733,81.621,1
651,21.3362,81.5947,1
652,21.3357,81.6265,1
653,21.3225,81.658,1
654,21.3711,81.6522,1
655,21.3348,81.5647,1
656,21.3486,81.6687,1
657,21.3354,81.6586,1
658,21.3313,81.638,1
659,21.3347,81.6244,1
660,21.3537,81.6215,1
661,21.3243,81.5926,1
662,21.3462,81.5643,1
663,21.3651,81.5819,1
664,21.3231,81.6591,1
665,21.3632,81.6422,1
666,21.348,81.6354,1
667,21.3236,81.6191,1
668,21.3373,81.604,1
669,21.3483,81.6469,1
670,21.3696,81.6238,1
671,21.3373,81.64,1
672,21.3347,81.6131,1
673,21.3617,81.6625,1
674,21.3617,81.5949,1
675,21.3306,81.6461,1
676,21.3732,81.6471,1
677,21.3561,81.639,1
678,21.338,81.6574,1
679,21.3276,81.6723,1
680,21.3493,81.6583,1
681,21.3726,81.5751,1
682,21.3326,81.5893,1
683,21.345,81.598,1
684,21.3486,81.5761,1
685,21.3349,81.5879,1
686,21.3694,81.6679,1
687,21.3701,81.6315,1
688,21.3594,81.6068,1
689,21.3388,81.6089,1
690,21.35,81.6665,1
691,21.3179,81.6,1
692,21.3662,81.6635,1
693,21.3537,81.6202,1
694,21.3233,81.6717,1
695,21.3519,81.6039,1
696,21.3439,81.5996,1
697,21.3502,81.6004,1
698,21.3222,81.6403,1
699,21.3502,81.6357,1
700,21.3245,81.6516,1
701,21.3667,81.5867,1
702,21.3682,81.5797,1
703,21.3461,81.5912,1
704,21.3631,81.6032,1
705,21.3479,81.6528,1
706,21.3646,81.633,1
707,21.3496,81.654,1
708,21.3285,81.5668,1
709,21.3494,81.5968,1
710,21.313,81.644,1
711,21.3196,81.5821,1
712,21.3364,81.669,1
713,21.3135,81.6401,1
714,21.3558,81.5822,1
715,21.3569,81.6009,1
716,21.3465,81.5912,1
717,21.3712,81.642,1
718,21.343,81.5915,1
719,21.3183,81.6659,1
720,21.3695,81.5856,1
721,21.3393,81.6457,1
722,21.3587,81.6613,1
723,21.3202,81.5765,1
724,21.3732,81.6463,1
725,21.3654,81.6244,1
726,21.3199,81.6187,1
727,21.3421,81.6363,1
728,21.3145,81.6392,1
729,21.3497,81.6485,1
730,21.3578,81.6011,1
731,21.3239,81.6247,1
732,21.3309,81.6276,1
733,21.3463,81.604,1
734,21.3638,81.6498,1
735,21.3343,81.6229,1
736,21.3302,81.5908,1
737,21.3498,81.5959,1
738,21.3318,81.5945,1
739,21.3652,81.6341,1
740,21.3712,81.5694,1
741,21.3214,81.5842,1
742,21.3299,81.6235,1
743,21.3709,81.6615,1
744,21.3667,81.6056,1
745,21.3297,81.6459,1
746,21.3446,81.6721,1
747,21.3457,81.6261,1
748,21.3693,81.6428,1
749,21.3464,81.6019,1
750,21.3159,81.6161,1
751,21.3203,81.5978,1
752,21.3453,81.5769,1
753,21.369,81.5696,1
754,21.3637,81.6205,1
755,21.3707,81.5825,1
756,21.3441,81.5726,1
757,21.3286,81.5748,1
758,21.3447,81.5695,1
759,21.3486,81.6023,1
760,21.3678,81.6136,1
761,21.3364,81.5815,1
762,21.317,81.6125,1
763,21.3393,81.6425,1
764,21.3591,81.6296,1
765,21.3667,81.5689,1
766,21.3681,81.6161,1
767,21.3307,81.6304,1
768,21.3396,81.5918,1
769,21.3397,81.6318,1
770,21.3265,81.6161,1
771,21.3601,81.6534,1
772,21.3294,81.6444,1
773,21.3215,81.6422,1
774,21.3385,81.6724,1
775,21.3343,81.5866,1
776,21.3639,81.627,1
777,21.3481,81.565,1
778,21.3286,81.6112,1
779,21.3277,81.6691,1
780,21.3559,81.5653,1
781,21.3432,81.6256,1
782,21.3489,81.6136,1
783,21.345,81.6354,1
784,21.3552,81.6468,1
785,21.3275,81.6689,1
786,21.3519,81.5705,1
787,21.3323,81.6427,1
788,21.3269,81.6134,1
789,21.3589,81.579,1
790,21.3564,81.5977,1
791,21.3414,81.6053,1
792,21.3586,81.6148,1
793,21.3697,81.5718,1
794,21.3657,81.6107,1
795,21.3218,81.5709,1
796,21.3165,81.6666,1
797,21.3743,81.5629,1
798,21.3376,81.6231,1
799,21.3259,81.6512,1
800,21.3567,81.5633,1
801,21.3702,81.6393,1
802,21.371,81.6179,1
803,21.3182,81.5876,1
804,21.3417,81.6157,1
805,21.3214,81.5879,1
806,21.3314,81.6579,1
807,21.3363,81.5767,1
808,21.3727,81.5875,1
809,21.3651,81.5628,1
810,21.3394,81.6704,1
811,21.3644,81.6419,1
812,21.3404,81.6369,1
813,21.3658,81.6073,1
814,21.3563,81.6668,1
815,21.3733,81.5725,1
816,21.3743,81.6334,1
817,21.3383,81.6506,1
818,21.3727,81.5768,1
819,21.352,81.5768,1
820,21.3492,81.6611,1
821,21.3699,81.6267,1
822,21.3212,81.6556,1
823,21.3722,81.6037,1
824,21.3654,81.608,1
825,21.3488,81.5902,1
826,21.3307,81.5672,1
827,21.3434,81.657,1
828,21.3313,81.6514,1
829,21.3205,81.6342,1
830,21.3591,81.5737,1
831,21.3549,81.5824,1
832,21.3454,81.5705,1
833,21.3722,81.6041,1
834,21.3536,81.6488,1
835,21.3364,81.6096,1
836,21.3136,81.6542,1
837,21.3616,81.6465,1
838,21.3641,81.5698,1
839,21.3532,81.6196,1
840,21.3651,81.614,1
841,21.3581,81.5969,1
842,21.368,81.6402,1
843,21.3178,81.5926,1
844,21.356,81.5926,1
845,21.359,81.5918,1
846,21.3567,81.6473,1
847,21.3491,81.5781,1
848,21.3555,81.6549,1
849,21.3621,81.5758,1
850,21.3418,81.5971,1
851,21.3356,81.6229,1
852,21.3156,81.5783,1
853,21.3378,81.6699,1
854,21.3188,81.5985,1
855,21.3244,81.6216,1
856,21.3717,81.588,1
857,21.3146,81.5762,1
858,21.3274,81.6528,1
859,21.351,81.5925,1
860,21.3687,81.5879,1
861,21.3238,81.5995,1
862,21.3492,81.6698,1
863,21.3622,81.6546,1
864,21.3287,81.5708,1
865,21.313,81.656,1
866,21.3152,81.6688,1
867,21.3291,81.584,1
868,21.3344,81.6208,1
869,21.3195,81.5824,1
870,21.3333,81.6323,1
871,21.3639,81.5858,1
872,21.3743,81.6417,1
873,21.336,81.6647,1
874,21.3147,81.616,1
875,21.3348,81.6251,1
876,21.3568,81.5844,1
877,21.368,81.5808,1
878,21.3489,81.5956,1
879,21.3542,81.6509,1
880,21.3394,81.6133,1
881,21.3712,81.6259,1
882,21.3372,81.6718,1
883,21.3449,81.597,1
884,21.3134,81.6494,1
885,21.3436,81.6485,1
886,21.3543,81.5656,1
887,21.3127,81.6289,1
888,21.3158,81.6709,1
889,21.3268,81.6629,1
890,21.3136,81.5835,1
891,21.371,81.6595,1
892,21.3542,81.5658,1
893,21.3588,81.6716,1
894,21.3701,81.6563,1
895,21.3663,81.6401,1
896,21.3175,81.6374,1
897,21.3364,81.5793,1
898,21.3334,81.5716,1
899,21.3654,81.6472,1
900,21.354,81.6613,1
901,21.3252,81.5864,1
902,21.3724,81.6056,1
903,21.3551,81.6491,1
904,21.3145,81.6105,1
905,21.3389,81.5947,1
906,21.3368,81.6691,1
907,21.3174,81.6024,1
908,21.3437,81.5699,1
909,21.3441,81.668,1
910,21.34,81.6117,1
911,21.3716,81.6326,1
912,21.3368,81.6102,1
913,21.3604,81.582,1
914,21.363,81.6461,1
915,21.3448,81.6007,1
916,21.3283,81.6404,1
917,21.3631,81.6412,1
918,21.3635,81.643,1
919,21.3303,81.6259,1
920,21.3348,81.6291,1
921,21.368,81.5645,1
922,21.3182,81.6046,1
923,21.3422,81.6279,1
924,21.3336,81.6131,1
925,21.3162,81.5905,1
926,21.3132,81.5911,1
927,21.3184,81.5949,1
928,21.327,81.6161,1
929,21.3483,81.5693,1
930,21.3424,81.5708,1
931,21.3525,81.5968,1
932,21.3265,81.5975,1
933,21.3653,81.637,1
934,21.3656,81.6033,1
935,21.3411,81.5995,1
936,21.3634,81.6248,1
937,21.3458,81.6456,1
938,21.3417,81.6579,1
939,21.3235,81.5988,1
940,21.3208,81.6663,1
941,21.3729,81.6697,1
942,21.35,81.6168,1
943,21.3271,81.6077,1
944,21.3671,81.576,1
945,21.3511,81.6349,1
946,21.3658,81.5967,1
947,21.3466,81.5847,1
948,21.3206,81.5679,1
949,21.3136,81.671,1
950,21.3221,81.6406,1
951,21.3183,81.6509,1
952,21.3655,81.5865,1
953,21.3445,81.5682,1
954,21.3726,81.5697,1
955,21.3253,81.5642,1
956,21.3183,81.6175,1
957,21.321,81.5998,1
958,21.359,81.6579,1
959,21.3355,81.581,1
960,21.3494,81.5666,1
961,21.3279,81.6196,1
962,21.3671,81.6529,1
963,21.3466,81.6352,1
964,21.3643,81.6427,1
965,21.3217,81.6567,1
966,21.3279,81.5674,1
967,21.3707,81.6595,1
968,21.3292,81.6192,1
969,21.3451,81.5969,1
970,21.3379,81.5626,1
971,21.3481,81.6212,1
972,21.3737,81.5919,1
973,21.3247,81.6026,1
974,21.3263,81.6537,1
975,21.3235,81.6429,1
976,21.3478,81.6369,1
977,21.3555,81.6457,1
978,21.3505,81.612,1
979,21.3199,81.5851,1
980,21.3516,81.6718,1
981,21.3132,81.6118,1
982,21.3195,81.5919,1
983,21.3577,81.6514,1
984,21.3145,81.5938,1
985,21.3308,81.6619,1
986,21.3386,81.5928,1
987,21.3331,81.666,1
988,21.3363,81.5921,1
989,21.3431,81.5873,1
990,21.3256,81.6083,1
991,21.3411,81.6141,1
992,21.3336,81.6369,1
993,21.3166,81.5642,1
994,21.3668,81.6675,1
995,21.3377,81.6155,1
996,21.3563,81.6264,1
997,21.3477,81.5829,1
998,21.3677,81.5853,1
999,21.3149,81.6255,1
1000,21.3367,81.6376,1
1001,21.3333,81.5871,1
1002,21.3698,81.6645,1
1003,21.343,81.569,1
1004,21.3556,81.6523,1
1005,21.3443,81.584,1
1006,21.3244,81.6618,1
1007,21.3301,81.5953,1
1008,21.3158,81.5804,1
1009,21.3342,81.668,1
1010,21.3205,81.563,1
1011,21.3428,81.6649,1
1012,21.3264,81.655,1
1013,21.3314,81.6232,1
1014,21.3727,81.5802,1
1015,21.3672,81.6203,1
1016,21.338,81.6455,1
1017,21.3263,81.5785,1
1018,21.3346,81.672,1
1019,21.3679,81.5875,1
1020,21.3433,81.5682,1
1021,21.3572,81.5723,1
1022,21.3382,81.618,1
1023,21.3668,81.6611,1
1024,21.3291,81.632,1
1025,21.3703,81.5813,1
1026,21.3734,81.6402,1
1027,21.3562,81.6186,1
1028,21.3509,81.585,1
1029,21.3718,81.6291,1
1030,21.3687,81.6438,1
1031,21.3167,81.6228,1
1032,21.332,81.5935,1
1033,21.3427,81.6274,1
1034,21.3688,81.5929,1
1035,21.3175,81.5884,1
1036,21.3692,81.6225,1
1037,21.3448,81.6097,1
1038,21.3433,81.6457,1
1039,21.3327,81.5689,1
1040,21.3561,81.6486,1
1041,21.33,81.5716,1
1042,21.3204,81.5719,1
1043,21.3584,81.6068,1
1044,21.3192,81.6113,1
1045,21.3177,81.5835,1
1046,21.3741,81.6725,1
1047,21.3129,81.6226,1
1048,21.3633,81.6499,1
1049,21.3612,81.6009,1
1050,21.3226,81.5662,1
1051,21.3276,81.5637,1
1052,21.3578,81.5627,1
1053,21.3321,81.6318,1
1054,21.338,81.6231,1
1055,21.3709,81.6701,1
1056,21.3191,81.6239,1
1057,21.3291,81.6267,1
1058,21.3364,81.5781,1
1059,21.3293,81.5994,1
1060,21.3421,81.5957,1
1061,21.3606,81.6032,1
1062,21.3306,81.6217,1
1063,21.3711,81.6236,1
1064,21.3581,81.6249,1
1065,21.3692,81.6236,1
1066,21.3636,81.6674,1
1067,21.3665,81.6125,1
1068,21.3254,81.6245,1
1069,21.3206,81.5981,1
1070,21.3222,81.5736,1
1071,21.3409,81.6526,1
1072,21.3401,81.6488,1
1073,21.3234,81.6428,1
1074,21.3562,81.6377,1
1075,21.3135,81.6572,1
1076,21.3367,81.6054,1
1077,21.322,81.6111,1
1078,21.3388,81.5714,1
1079,21.3691,81.6574,1
1080,21.3284,81.6596,1
1081,21.3233,81.619,1
1082,21.3353,81.5713,1
1083,21.3235,81.575,1
1084,21.3428,81.6231,1
1085,21.3353,81.6641,1
1086,21.3515,81.6571,1
1087,21.3436,81.6277,1
1088,21.3299,81.5807,1
1089,21.3215,81.5885,1
1090,21.3331,81.6248,1
1091,21.3693,81.6003,1
1092,21.3501,81.612,1
1093,21.3602,81.6291,1
1094,21.3351,81.6355,1
1095,21.3227,81.6688,1
1096,21.3148,81.6633,1
1097,21.3292,81.6609,1
1098,21.3232,81.597,1
1099,21.3355,81.6115,1
1100,21.3294,81.6147,1
1101,21.3288,81.6455,1
1102,21.3342,81.6583,1
1103,21.3438,81.6607,1
1104,21.3318,81.6125,1
1105,21.3574,81.6414,1
1106,21.3582,81.651,1
1107,21.3586,81.6602,1
1108,21.3537,81.6072,1
1109,21.3441,81.6261,1
1110,21.3596,81.6356,1
1111,21.3387,81.5676,1
1112,21.3177,81.6369,1
1113,21.323,81.672,1
1114,21.3484,81.5867,1
1115,21.3465,81.6698,1
1116,21.3262,81.6034,1
1117,21.3516,81.6625,1
1118,21.3726,81.6033,1
1119,21.3364,81.5883,1
1120,21.3547,81.5859,1
1121,21.3577,81.6008,1
1122,21.3639,81.5904,1
1123,21.3512,81.6475,1
1124,21.3665,81.5675,1
1125,21.3131,81.5978,1
1126,21.3525,81.629,1
1127,21.3401,81.6467,1
1128,21.3421,81.6421,1
1129,21.3194,81.643,1
1130,21.3433,81.5954,1
1131,21.3309,81.6323,1
1132,21.3237,81.6559,1
1133,21.3661,81.6214,1
1134,21.3436,81.5713,1
1135,21.3335,81.587,1
1136,21.3291,81.6213,1
1137,21.3366,81.5632,1
1138,21.3743,81.6281,1
1139,21.3713,81.6561,1
1140,21.3181,81.6342,1
1141,21.3562,81.5836,1
1142,21.3525,81.6418,1
1143,21.3537,81.6291,1
1144,21.3491,81.6692,1
1145,21.3165,81.666,1
1146,21.3249,81.6623,1
1147,21.3196,81.5988,1
1148,21.3451,81.6346,1
1149,21.3355,81.6657,1
1150,21.3733,81.6214,1
1151,21.334,81.6157,1
1152,21.3355,81.569,1
1153,21.3595,81.6283,1
1154,21.3607,81.5659,1
1155,21.3523,81.6274,1
1156,21.3713,81.6044,1
1157,21.3386,81.6038,1
1158,21.3135,81.5943,1
1159,21.3542,81.6161,1
1160,21.3173,81.6393,1
1161,21.327,81.6013,1
1162,21.352,81.6696,1
1163,21.3217,81.572,1
1164,21.3459,81.5718,1
1165,21.3228,81.6653,1
1166,21.345,81.5828,1
1167,21.33,81.5892,1
1168,21.348,81.5891,1
1169,21.3603,81.5745,1
1170,21.3369,81.5639,1
1171,21.3423,81.5765,1
1172,21.3718,81.5877,1
1173,21.3166,81.5776,1
1174,21.3352,81.6021,1
1175,21.3571,81.5752,1
1176,21.3613,81.583,1
1177,21.3501,81.6208,1
1178,21.3346,81.5895,1
1179,21.3721,81.6637,1
1180,21.363,81.6539,1
1181,21.3347,81.5891,1
1182,21.3234,81.6329,1
1183,21.3497,81.6483,1
1184,21.3329,81.5929,1
1185,21.3308,81.5901,1
1186,21.3342,81.6131,1
1187,21.3152,81.6291,1
1188,21.3689,81.6372,1
1189,21.3382,81.574,1
1190,21.3215,81.5798,1
1191,21.3259,81.5644,1
1192,21.3406,81.5908,1
1193,21.3509,81.5759,1
1194,21.3276,81.5912,1
1195,21.3154,81.6467,1
1196,21.3658,81.5708,1
1197,21.3497,81.6245,1
1198,21.3592,81.6167,1
1199,21.3551,81.5632,1
1200,21.37,81.6501,1
1201,21.3721,81.5911,1
1202,21.3438,81.6414,1
1203,21.3135,81.5878,1
1204,21.3319,81.5734,1
1205,21.3139,81.5644,1
1206,21.3723,81.5891,1
1207,21.3212,81.5725,1
1208,21.3373,81.6144,1
1209,21.3332,81.6477,1
1210,21.3421,81.6705,1
1211,21.3382,81.5651,1
1212,21.3679,81.6583,1
1213,21.3213,81.5843,1
1214,21.3635,81.5715,1
1215,21.3196,81.6638,1
1216,21.3713,81.5628,1
1217,21.3375,81.6513,1
1218,21.322,81.5683,1
1219,21.362,81.6612,1
1220,21.3352,81.5919,1
1221,21.33,81.5819,1
1222,21.3131,81.6176,1
1223,21.3325,81.635,1
1224,21.3439,81.5694,1
1225,21.3693,81.5938,1
1226,21.3729,81.6648,1
1227,21.354,81.6396,1
1228,21.3158,81.6204,1
1229,21.3568,81.6651,1
1230,21.3552,81.587,1
1231,21.3544,81.667,1
1232,21.3626,81.5977,1
1233,21.3464,81.6277,1
1234,21.3201,81.575,1
1235,21.3583,81.6028,1
1236,21.3322,81.6693,1
1237,21.3237,81.5638,1
1238,21.3571,81.5677,1
1239,21.3551,81.6691,1
1240,21.3423,81.5627,1
1241,21.3235,81.5647,1
1242,21.3406,81.592,1
1243,21.3349,81.6604,1
1244,21.3673,81.6703,1
1245,21.348,81.6306,1
1246,21.3132,81.5875,1
1247,21.3306,81.5852,1
1248,21.3627,81.6149,1
1249,21.3678,81.644,1
1250,21.3234,81.6033,1
1251,21.3468,81.5795,1
1252,21.3379,81.6411,1
1253,21.3486,81.6185,1
1254,21.3386,81.6656,1
1255,21.3567,81.6711,1
1256,21.3681,81.6631,1
1257,21.3551,81.6174,1
1258,21.3339,81.6165,1
1259,21.3294,81.5764,1
1260,21.3446,81.6112,1
1261,21.3621,81.5658,1
1262,21.3151,81.6073,1
1263,21.3293,81.6681,1
1264,21.3348,81.6144,1
1265,21.3463,81.6256,1
1266,21.3286,81.5815,1
1267,21.356,81.6682,1
1268,21.3628,81.6357,1
1269,21.3159,81.621,1
1270,21.353,81.6703,1
1271,21.3559,81.6483,1
1272,21.3722,81.581,1
1273,21.32,81.5639,1
1274,21.3343,81.6299,1
1275,21.3259,81.6119,1
1276,21.3331,81.6191,1
1277,21.3223,81.621,1
1278,21.3559,81.5942,1
1279,21.3181,81.6205,1
1280,21.3731,81.6714,1
1281,21.3334,81.5837,1
1282,21.3179,81.6691,1
1283,21.3548,81.6569,1
1284,21.3493,81.5908,1
1285,21.3572,81.6588,1
1286,21.3391,81.5666,1
1287,21.3515,81.593,1
1288,21.3402,81.5667,1
1289,21.3138,81.5976,1
1290,21.3738,81.5868,1
1291,21.3675,81.6101,1
1292,21.3284,81.6067,1
1293,21.3213,81.6031,1
1294,21.3613,81.6671,1
1295,21.3692,81.5985,1
1296,21.371,81.6346,1
1297,21.3356,81.5797,1
1298,21.3639,81.6082,1
1299,21.3516,81.6473,1
1300,21.3167,81.5879,1
1301,21.3394,81.5981,1
1302,21.3456,81.6006,1
1303,21.3409,81.5883,1
1304,21.3537,81.6677,1
1305,21.347,81.602,1
1306,21.3645,81.6652,1
1307,21.3309,81.5909,1
1308,21.369,81.6262,1
1309,21.3204,81.6169,1
1310,21.3285,81.6028,1
1311,21.3287,81.588,1
1312,21.3299,81.6403,1
1313,21.3618,81.5828,1
1314,21.3474,81.5708,1
1315,21.3545,81.5801,1
1316,21.3175,81.655,1
1317,21.367,81.5991,1
1318,21.3523,81.617,1
1319,21.334,81.6681,1
1320,21.317,81.5791,1
1321,21.3146,81.6292,1
1322,21.3589,81.5899,1
1323,21.3174,81.5876,1
1324,21.3172,81.6021,1
1325,21.3562,81.6312,1
1326,21.3734,81.6305,1
1327,21.3527,81.5632,1
1328,21.3212,81.6627,1
1329,21.3617,81.6363,1
1330,21.3354,81.6197,1
1331,21.3158,81.566,1
1332,21.3308,81.5741,1
1333,21.3695,81.6577,1
1334,21.3226,81.5797,1
1335,21.3133,81.5738,1
1336,21.3668,81.5924,1
1337,21.356,81.595,1
1338,21.3723,81.6704,1
1339,21.3195,81.671,1
1340,21.355,81.5842,1
1341,21.3385,81.5721,1
1342,21.3482,81.6326,1
1343,21.3152,81.6117,1
1344,21.3614,81.594,1
1345,21.3269,81.5777,1
1346,21.3349,81.5669,1
1347,21.3129,81.5923,1
1348,21.3569,81.5647,1
1349,21.3398,81.596,1
1350,21.3639,81.5652,1
1351,21.3272,81.6472,1
1352,21.3212,81.6478,1
1353,21.3247,81.5893,1
1354,21.3429,81.6211,1
1355,21.3614,81.626,1
1356,21.3198,81.6195,1
1357,21.3136,81.6153,1
1358,21.359,81.6321,1
1359,21.3581,81.5653,1
1360,21.315,81.6399,1
1361,21.3605,81.5736,1
1362,21.3581,81.5966,1
1363,21.3442,81.6056,1
1364,21.3256,81.6071,1
1365,21.3682,81.6531,1
1366,21.3279,81.645,1
1367,21.3619,81.6404,1
1368,21.3278,81.5984,1
1369,21.3146,81.653,1
1370,21.3366,81.6536,1
1371,21.3206,81.6271,1
1372,21.3219,81.5653,1
1373,21.3539,81.6069,1
1374,21.3619,81.6539,1
1375,21.3701,81.6321,1
1376,21.3509,81.5937,1
1377,21.3595,81.663,1
1378,21.3539,81.5651,1
1379,21.3392,81.614,1
